feature,mi_rank,stat_rank,rf_shap_rank,lr_shap_rank,avg_rank,consensus_top10
follicle_right,1.0,1.0,1.0,1.0,1.0,True
follicle_left,2.0,2.0,2.0,2.0,2.0,True
skin_darkening,4.0,3.0,4.0,5.0,4.0,True
weight_gain,5.0,5.0,3.0,3.0,4.0,True
hair_growth,3.0,4.0,5.0,4.0,4.0,True
amh,6.0,7.0,9.0,,7.333333333333333,True
fast_food,8.0,8.0,7.0,8.0,7.75,True
cycle_irregular,12.0,6.0,8.0,6.0,8.0,True
cycle_length,7.0,11.0,6.0,,8.0,True
bmi,15.0,9.0,11.0,,11.666666666666666,True
pimples,21.0,10.0,10.0,7.0,12.0,False
follicle_size_left,11.0,13.0,13.0,,12.333333333333334,False
hair_loss,13.0,14.0,14.0,,13.666666666666666,False
endometrium,9.0,16.0,17.0,,14.0,False
age,19.0,12.0,12.0,,14.333333333333334,False
lh_fsh_ratio,16.0,15.0,18.0,,16.333333333333332,False
lh,22.0,20.0,16.0,,19.333333333333332,False
vit_d3,14.0,23.0,26.0,,21.0,False
marriage_years,30.0,18.0,15.0,,21.0,False
pulse_rate,20.0,19.0,24.0,,21.0,False
follicle_size_right,27.0,17.0,19.0,,21.0,False
waist_hip_ratio,17.0,27.0,22.0,,22.0,False
prl,10.0,30.0,27.0,,22.333333333333332,False
prg,18.0,24.0,28.0,,23.333333333333332,False
hb,31.0,21.0,20.0,,24.0,False
rbs,25.0,25.0,25.0,,25.0,False
fsh,28.0,31.0,21.0,,26.666666666666668,False
num_abortions,23.0,26.0,33.0,,27.333333333333332,False
regular_exercise,31.0,22.0,29.0,,27.333333333333332,False
tsh,26.0,34.0,23.0,,27.666666666666668,False
pregnant,24.0,32.0,32.0,,29.333333333333332,False
resp_rate,29.0,28.0,31.0,,29.333333333333332,False
bp_diastolic,31.0,33.0,30.0,,31.333333333333332,False
bp_systolic,31.0,29.0,34.0,,31.333333333333332,False
