feature,abs_standardized_mean_diff
skin_darkening,1.15438975227282
hair_growth,1.0970178889978426
weight_gain,1.0934841965771216
cycle_irregular,0.8578179828647134
fast_food,0.8379837412255743
pimples,0.6313465137005154
bmi,0.46687259523017477
cycle_length,0.4195113576668661
hair_loss,0.408806342851044
age,0.3465676974971379
marriage_years,0.26914944999847157
pulse_rate,0.22383057988548624
regular_exercise,0.1406102295749303
num_abortions,0.08218497975727225
waist_hip_ratio,0.07583286395123745
resp_rate,0.06631977148345994
bp_systolic,0.02896880962679854
pregnant,0.005308092433436903
bp_diastolic,0.0040102220063314865
