tier,strategy,roc_auc_mean,pr_auc_mean,brier_mean,accuracy_mean,precision_mean,recall_mean,specificity_mean,f1_mean,roc_auc_std,pr_auc_std,brier_std,accuracy_std,precision_std,recall_std,specificity_std,f1_std
tier1_screening,none,0.8795536032184293,0.8130468695424385,0.12930484341848864,0.8286910808161811,0.7963838281007932,0.640311986863711,0.9198714202220923,0.7068058491439323,0.030856467410893866,0.05276714981080265,0.012238168384858555,0.03304252221758837,0.063476919333286,0.08806614076463036,0.029393381350384013,0.06860014948010466
tier1_screening,class_weight,0.8808142570194407,0.8128077449700034,0.13339018380843715,0.8356678250022277,0.741742952607617,0.7634646962233169,0.8705435417884277,0.7510770125672704,0.03165843097125516,0.05438574381469845,0.011280811714410964,0.026523370501352252,0.037182323248527445,0.06986052569188354,0.02680146682993849,0.04459863220390431
tier1_screening,smote,0.878471164559659,0.8192667372015238,0.1304917037741493,0.8372093023255814,0.7464833237169876,0.7589490968801313,0.875141242937853,0.7507762261893915,0.029180639063420173,0.04523661364612783,0.011493510827662663,0.03091234368815025,0.03875721218919355,0.08924896313047855,0.022961785314231778,0.055368505258036556
tier2_lab,none,0.8818227032847441,0.8139857586971009,0.13338895069586132,0.8357034660964093,0.8199618258680045,0.6357963875205254,0.9325150983830122,0.7141741699071342,0.03325989633808681,0.050182214984976596,0.010896027456363599,0.03351431953221035,0.061632381966344844,0.08351256856151834,0.023405382670311652,0.06960366074216949
tier2_lab,class_weight,0.8838527436206752,0.8116382325569357,0.13517090662453482,0.8302325581395348,0.7440556674948892,0.732512315270936,0.8774595752970972,0.7361048820614189,0.03319901457714387,0.049641947984807,0.010061763382286563,0.02038953937115738,0.027704013945485998,0.07903487637961355,0.02125081032482261,0.043816717928074754
tier2_lab,smote,0.8784718843300234,0.7995782274532689,0.13764285348156385,0.8310255724850754,0.7346642725091,0.7587027914614122,0.8660042859925968,0.7448450467105076,0.03488470059148361,0.05914355292313424,0.011798515858536175,0.034270391939260056,0.05610231568768556,0.07531968999512825,0.03496284088449765,0.05452311976424136
tier3_full,none,0.9560012893486463,0.9255248708778534,0.09034964905845153,0.8989307671745524,0.9038794783385714,0.7749589490968801,0.9588349892850183,0.8317843839810114,0.019805731867691228,0.03304062749103667,0.011818010422778639,0.02805504824211502,0.051608355582716224,0.08092208968690691,0.02559204576755161,0.052009368482221624
tier3_full,class_weight,0.9527219675834623,0.9209942711710769,0.09128787423421739,0.8997505123407289,0.8949285080961823,0.7894909688013136,0.9531268264172996,0.8358692140758315,0.020725850225904594,0.032631042060646875,0.012919482518119786,0.025489691519023406,0.05336347355446875,0.07702772909286928,0.029100479250956407,0.04662389087435961
tier3_full,smote,0.9515569712638882,0.9195135763547507,0.09179584904424726,0.8950993495500313,0.8519726467383124,0.8271756978653533,0.9279173972335866,0.8375369956263874,0.0211712489683566,0.032914549226695185,0.013581052534313846,0.028644811085999065,0.06690315623711703,0.05361168916474735,0.035479930988596975,0.04300974091669478
