tier,strategy,calibration,oof_brier,oof_auc,threshold
tier1_screening,none,raw,0.12605158503321062,0.8819185493894859,0.19987422280472067
tier1_screening,none,sigmoid,0.12221117754467092,0.8799444322585362,0.14833253194292975
tier1_screening,none,isotonic,0.12241881380306821,0.8773122760839365,0.12662420733388474
tier1_screening,class_weight,raw,0.12844507957251483,0.8824547293509786,0.27324164482151087
tier1_screening,class_weight,sigmoid,0.12279182343765124,0.8806024713021863,0.1478319266672252
tier1_screening,class_weight,isotonic,0.12073699146025516,0.8827350052399405,0.17080919733155842
tier1_screening,smote,raw,0.12725671086967302,0.8805537276693233,0.2507403884715266
tier1_screening,smote,sigmoid,0.12269041114096658,0.8773122760839365,0.1366976063619972
tier1_screening,smote,isotonic,0.12498286243680304,0.8703784943091808,0.07690547448332004
tier2_lab,none,raw,0.13294973726047618,0.8807243303843435,0.21766991211406156
tier2_lab,none,sigmoid,0.12235770726841562,0.8787745850698252,0.13560665538610667
tier2_lab,none,isotonic,0.12280544636230423,0.8785430528137262,0.09831441348469212
tier2_lab,class_weight,raw,0.13155459602812022,0.8832346274767859,0.28388169135391245
tier2_lab,class_weight,sigmoid,0.12337187468516611,0.8803587531378715,0.15161078015337387
tier2_lab,class_weight,isotonic,0.12466348763301324,0.8787136555287465,0.1173202614379085
tier2_lab,smote,raw,0.13834057057954577,0.8796032268284956,0.31016848348228926
tier2_lab,smote,sigmoid,0.12319286527722174,0.8783358923740586,0.15360307982270255
tier2_lab,smote,isotonic,0.12364463045148273,0.8766786088567182,0.10261816548455664
tier3_full,none,raw,0.09460842859949012,0.9566912822012624,0.3261038689360953
tier3_full,none,sigmoid,0.07595576066515491,0.9555701786454145,0.23733515973138775
tier3_full,none,isotonic,0.07854718164594061,0.9508664180741391,0.2568284977513072
tier3_full,class_weight,raw,0.09058841265299036,0.9535716896980332,0.34372761393441464
tier3_full,class_weight,sigmoid,0.0773591731841485,0.9528649070215203,0.2211580192510661
tier3_full,class_weight,isotonic,0.08046844718221327,0.947222831517633,0.21716943187531426
tier3_full,smote,raw,0.0904810618350289,0.9506714435426872,0.38239889723952286
tier3_full,smote,sigmoid,0.07950012504896166,0.9524262143257537,0.2677819678353187
tier3_full,smote,isotonic,0.0785867081450939,0.9512807389534742,0.28445750285431276
