feature,test,score,p_value,stat_rank,mutual_info,mi_rank
follicle_right,ANOVA_F,313.6254586493946,4.22290603236262e-53,1.0,0.25743666121073794,1.0
follicle_left,ANOVA_F,265.3142937534936,8.30459204752276e-47,2.0,0.22639537820529343,2.0
hair_growth,chi_square,66.35941033650755,3.757606729001979e-16,4.0,0.14096558559536532,3.0
skin_darkening,chi_square,67.99611608534387,1.6381789196339246e-16,3.0,0.1347858431107225,4.0
weight_gain,chi_square,57.87350791415774,2.795264293331551e-14,5.0,0.0906428432211197,5.0
amh,ANOVA_F,40.270305372281285,5.61674638929422e-10,7.0,0.08690895964729717,6.0
cycle_length,ANOVA_F,16.71536257135934,5.183854276589925e-05,11.0,0.08683419332786535,7.0
fast_food,chi_square,27.631122113245393,1.4679774098473885e-07,8.0,0.0663893279630905,8.0
endometrium,ANOVA_F,7.02655019305704,0.008327429101535451,16.0,0.05102436588483772,9.0
prl,ANOVA_F,0.036252109115650764,0.8490856572609347,30.0,0.05101111014985382,10.0
follicle_size_left,ANOVA_F,11.405652315748503,0.0007988273249573414,13.0,0.0494460714278977,11.0
cycle_irregular,chi_square,42.38132560092875,7.510372683205171e-11,6.0,0.03491396933063484,12.0
hair_loss,chi_square,8.188042800770537,0.0042167391589309515,14.0,0.03489411113238372,13.0
vit_d3,ANOVA_F,1.372742374831778,0.2419900450413117,23.0,0.03470113654645601,14.0
bmi,ANOVA_F,20.70261087472415,6.988887570901277e-06,9.0,0.0346978891935501,15.0
lh_fsh_ratio,ANOVA_F,7.734650666404097,0.005655200598146125,15.0,0.03345776625818053,16.0
waist_hip_ratio,ANOVA_F,0.5461894045814689,0.46028211564979626,27.0,0.032633339064768174,17.0
prg,ANOVA_F,1.2082576516832197,0.2722925065151303,24.0,0.030453749111896578,18.0
age,ANOVA_F,11.407868775750888,0.0007978996662774251,12.0,0.019244576312813955,19.0
pulse_rate,ANOVA_F,4.916463457913966,0.027124110838343676,19.0,0.01548653719414661,20.0
pimples,chi_square,17.802133039767913,2.4510830630000722e-05,10.0,0.013064066459652635,21.0
lh,ANOVA_F,4.348161018752386,0.03763814995432982,20.0,0.012978493666291113,22.0
num_abortions,ANOVA_F,0.6415245192214324,0.42360161632057636,26.0,0.011156425011494608,23.0
pregnant,chi_square,0.001711460357688186,0.967001088231958,32.0,0.009443107530990869,24.0
rbs,ANOVA_F,0.9513464520304182,0.3299251901167357,25.0,0.009029604033103267,25.0
tsh,ANOVA_F,2.381364883261048e-06,0.9987694468887104,34.0,0.006957563206601236,26.0
follicle_size_right,ANOVA_F,6.900077005415898,0.008927087017440206,17.0,0.004232951243919425,27.0
fsh,ANOVA_F,0.006322024679356779,0.9366630440971642,31.0,0.0028900731500141053,28.0
resp_rate,ANOVA_F,0.4177480170102043,0.5184076895085455,28.0,0.0003661561481105302,29.0
marriage_years,ANOVA_F,6.885019464690414,0.009001378821497659,18.0,0.0003390468647523903,30.0
bp_diastolic,ANOVA_F,0.00031544815289428135,0.9858378668327978,33.0,0.0,31.0
bp_systolic,ANOVA_F,0.09588316961567435,0.7569770709270103,29.0,0.0,31.0
regular_exercise,chi_square,1.4218343621721554,0.23310171191591228,22.0,0.0,31.0
hb,ANOVA_F,3.159944036905963,0.07617245254118575,21.0,0.0,31.0
